id,name,takt_order
21,EVO Column,522
21,EVO Column,698
3,Stage Build Logbook,15
3,Stage Build Logbook,16
3,Stage Build Logbook,17
3,Stage Build Logbook,18
3,Stage Build Logbook,19
0,Workflow Pool,
8,Goods Out,150
8,Goods Out,709
6,Sigma Final Test,701
6,Sigma Final Test,285
6,Sigma Final Test,376
6,Sigma Final Test,402
6,Sigma Final Test,377
6,Sigma Final Test,378
6,Sigma Final Test,379
6,Sigma Final Test,380
6,Sigma Final Test,381
6,Sigma Final Test,382
6,Sigma Final Test,383
6,Sigma Final Test,384
6,Sigma Final Test,385
6,Sigma Final Test,386
6,Sigma Final Test,387
6,Sigma Final Test,388
6,Sigma Final Test,389
6,Sigma Final Test,390
6,Sigma Final Test,391
6,Sigma Final Test,392
6,Sigma Final Test,393
6,Sigma Final Test,394
6,Sigma Final Test,395
6,Sigma Final Test,396
6,Sigma Final Test,397
6,Sigma Final Test,398
6,Sigma Final Test,399
6,Sigma Final Test,400
6,Sigma Final Test,401
13,EVO Final Test,719
13,EVO Final Test,403
13,EVO Final Test,642
13,EVO Final Test,643
13,EVO Final Test,644
13,EVO Final Test,645
13,EVO Final Test,646
13,EVO Final Test,647
13,EVO Final Test,648
13,EVO Final Test,649
13,EVO Final Test,650
13,EVO Final Test,651
13,EVO Final Test,654
13,EVO Final Test,652
13,EVO Final Test,653
38,Sigma Plinth,655
38,Sigma Plinth,656
38,Sigma Plinth,670
38,Sigma Plinth,671
38,Sigma Plinth,717
38,Sigma Plinth,672
38,Sigma Plinth,674
38,Sigma Plinth,675
38,Sigma Plinth,677
38,Sigma Plinth,676
38,Sigma Plinth,678
38,Sigma Plinth,679
1,NSE Plinth,2
1,NSE Plinth,1
1,NSE Plinth,3
1,NSE Plinth,702
1,NSE Plinth,4
1,NSE Plinth,703
1,NSE Plinth,720
1,NSE Plinth,5
1,NSE Plinth,6
2,FE Column,713
2,FE Column,708
2,FE Column,707
2,FE Column,7
2,FE Column,8
2,FE Column,9
2,FE Column,10
2,FE Column,12
2,FE Column,11
2,FE Column,13
2,FE Column,14
48,EVO Plinth,658
48,EVO Plinth,659
48,EVO Plinth,696
48,EVO Plinth,680
48,EVO Plinth,660
48,EVO Plinth,661
48,EVO Plinth,662
48,EVO Plinth,663
48,EVO Plinth,664
48,EVO Plinth,665
48,EVO Plinth,669
48,EVO Plinth,673
48,EVO Plinth,666
48,EVO Plinth,667
48,EVO Plinth,668
5,Crossbeam Integration,853
5,Crossbeam Integration,860
5,Crossbeam Integration,861
5,Crossbeam Integration,862
5,Crossbeam Integration,849
5,Crossbeam Integration,863
5,Crossbeam Integration,864
5,Crossbeam Integration,865
5,Crossbeam Integration,866
5,Crossbeam Integration,867
5,Crossbeam Integration,878
5,Crossbeam Integration,875
5,Crossbeam Integration,850
5,Crossbeam Integration,879
5,Crossbeam Integration,876
5,Crossbeam Integration,868
5,Crossbeam Integration,869
5,Crossbeam Integration,851
5,Crossbeam Integration,870
5,Crossbeam Integration,871
5,Crossbeam Integration,880
5,Crossbeam Integration,872
5,Crossbeam Integration,873
5,Crossbeam Integration,874
5,Crossbeam Integration,852
5,Crossbeam Integration,858
5,Crossbeam Integration,859
5,Crossbeam Integration,877
5,Crossbeam Integration,854
5,Crossbeam Integration,855
5,Crossbeam Integration,856
5,Crossbeam Integration,857
4,NSE Final Test,681
4,NSE Final Test,20
4,NSE Final Test,21
4,NSE Final Test,22
4,NSE Final Test,24
4,NSE Final Test,23
4,NSE Final Test,25
4,NSE Final Test,26
4,NSE Final Test,27
4,NSE Final Test,29
4,NSE Final Test,31
4,NSE Final Test,30
4,NSE Final Test,32
4,NSE Final Test,28
4,NSE Final Test,33
4,NSE Final Test,34
4,NSE Final Test,35
4,NSE Final Test,36
4,NSE Final Test,704
4,NSE Final Test,37
4,NSE Final Test,38
4,NSE Final Test,195
4,NSE Final Test,39
4,NSE Final Test,40
4,NSE Final Test,718
4,NSE Final Test,41
4,NSE Final Test,699
4,NSE Final Test,42
4,NSE Final Test,43
4,NSE Final Test,44
4,NSE Final Test,79
4,NSE Final Test,80
4,NSE Final Test,81
4,NSE Final Test,82
4,NSE Final Test,706
4,NSE Final Test,83
4,NSE Final Test,84
4,NSE Final Test,700
4,NSE Final Test,85
4,NSE Final Test,102
4,NSE Final Test,103
4,NSE Final Test,105
4,NSE Final Test,705
4,NSE Final Test,45
4,NSE Final Test,46
4,NSE Final Test,106
