id,shop_floor,name,task_order
29,4,Photograph Macro (10 Mins Setup Time),11381
15,3,Takt 1 Assembly,186
15,3,Takt 1 Assembly,187
15,3,Takt 1 Assembly,188
15,3,Takt 1 Assembly,189
15,3,Takt 1 Assembly,190
15,3,Takt 1 Assembly,191
15,3,Takt 1 Assembly,192
15,3,Takt 1 Assembly,193
15,3,Takt 1 Assembly,194
15,3,Takt 1 Assembly,195
3,1,Takt 2 Assembly,11125
3,1,Takt 2 Assembly,11126
3,1,Takt 2 Assembly,24
3,1,Takt 2 Assembly,25
3,1,Takt 2 Assembly,26
3,1,Takt 2 Assembly,27
3,1,Takt 2 Assembly,10936
3,1,Takt 2 Assembly,10962
3,1,Takt 2 Assembly,10963
3,1,Takt 2 Assembly,28
3,1,Takt 2 Assembly,29
3,1,Takt 2 Assembly,30
3,1,Takt 2 Assembly,31
3,1,Takt 2 Assembly,10939
18,3,Takt 4 Assembly,218
18,3,Takt 4 Assembly,219
18,3,Takt 4 Assembly,220
18,3,Takt 4 Assembly,221
18,3,Takt 4 Assembly,222
18,3,Takt 4 Assembly,223
18,3,Takt 4 Assembly,224
18,3,Takt 4 Assembly,225
18,3,Takt 4 Assembly,226
18,3,Takt 4 Assembly,227
18,3,Takt 4 Assembly,228
18,3,Takt 4 Assembly,229
402,6,Plasma Clean,3256
19,3,Takt 5 Assembly,230
19,3,Takt 5 Assembly,231
19,3,Takt 5 Assembly,232
19,3,Takt 5 Assembly,233
19,3,Takt 5 Assembly,234
19,3,Takt 5 Assembly,235
19,3,Takt 5 Assembly,236
19,3,Takt 5 Assembly,237
19,3,Takt 5 Assembly,238
19,3,Takt 5 Assembly,239
19,3,Takt 5 Assembly,240
19,3,Takt 5 Assembly,241
19,3,Takt 5 Assembly,242
19,3,Takt 5 Assembly,243
19,3,Takt 5 Assembly,244
19,3,Takt 5 Assembly,245
19,3,Takt 5 Assembly,246
19,3,Takt 5 Assembly,247
19,3,Takt 5 Assembly,248
19,3,Takt 5 Assembly,249
19,3,Takt 5 Assembly,250
19,3,Takt 5 Assembly,251
707,2,Aperture Inspection 2,11187
707,2,Aperture Inspection 2,11277
707,2,Aperture Inspection 2,11283
707,2,Aperture Inspection 2,11284
707,2,Aperture Inspection 2,11252
707,2,Aperture Inspection 2,11285
707,2,Aperture Inspection 2,11156
707,2,Aperture Inspection 2,11286
707,2,Aperture Inspection 2,11160
707,2,Aperture Inspection 2,11287
707,2,Aperture Inspection 2,11288
707,2,Aperture Inspection 2,11159
707,2,Aperture Inspection 2,11161
707,2,Aperture Inspection 2,11289
707,2,Aperture Inspection 2,11290
707,2,Aperture Inspection 2,11308
707,2,Aperture Inspection 2,11262
707,2,Aperture Inspection 2,11162
707,2,Aperture Inspection 2,11317
707,2,Aperture Inspection 2,11318
707,2,Aperture Inspection 2,11319
707,2,Aperture Inspection 2,11163
707,2,Aperture Inspection 2,11326
707,2,Aperture Inspection 2,11327
707,2,Aperture Inspection 2,11328
707,2,Aperture Inspection 2,11164
707,2,Aperture Inspection 2,11329
707,2,Aperture Inspection 2,11330
707,2,Aperture Inspection 2,11331
707,2,Aperture Inspection 2,11165
707,2,Aperture Inspection 2,11166
707,2,Aperture Inspection 2,11167
707,2,Aperture Inspection 2,11168
707,2,Aperture Inspection 2,11169
707,2,Aperture Inspection 2,11332
707,2,Aperture Inspection 2,11333
707,2,Aperture Inspection 2,11334
707,2,Aperture Inspection 2,11170
707,2,Aperture Inspection 2,11171
707,2,Aperture Inspection 2,11172
707,2,Aperture Inspection 2,11173
707,2,Aperture Inspection 2,11174
707,2,Aperture Inspection 2,11185
707,2,Aperture Inspection 2,11186
664,48,Takt 3 QA,10732
664,48,Takt 3 QA,10733
709,8,System Packing and Despatch,11322
709,8,System Packing and Despatch,11320
709,8,System Packing and Despatch,11323
709,8,System Packing and Despatch,11324
648,13,Takt 8 Resolution,10553
648,13,Takt 8 Resolution,10611
648,13,Takt 8 Resolution,10554
648,13,Takt 8 Resolution,10612
648,13,Takt 8 Resolution,10881
648,13,Takt 8 Resolution,10614
648,13,Takt 8 Resolution,10875
648,13,Takt 8 Resolution,10657
648,13,Takt 8 Resolution,10658
708,2,Aperture Inspection 1,11237
708,2,Aperture Inspection 1,11238
708,2,Aperture Inspection 1,11239
708,2,Aperture Inspection 1,11241
708,2,Aperture Inspection 1,11236
708,2,Aperture Inspection 1,11263
708,2,Aperture Inspection 1,11264
708,2,Aperture Inspection 1,11265
17,3,Takt 3 Assembly,206
17,3,Takt 3 Assembly,207
17,3,Takt 3 Assembly,208
17,3,Takt 3 Assembly,209
17,3,Takt 3 Assembly,210
17,3,Takt 3 Assembly,211
17,3,Takt 3 Assembly,212
17,3,Takt 3 Assembly,213
17,3,Takt 3 Assembly,214
17,3,Takt 3 Assembly,215
17,3,Takt 3 Assembly,216
17,3,Takt 3 Assembly,217
16,3,Takt 2 Assembly,196
16,3,Takt 2 Assembly,197
16,3,Takt 2 Assembly,198
16,3,Takt 2 Assembly,199
16,3,Takt 2 Assembly,200
16,3,Takt 2 Assembly,201
16,3,Takt 2 Assembly,203
16,3,Takt 2 Assembly,204
16,3,Takt 2 Assembly,205
655,38,Pre Assembly,10660
655,38,Pre Assembly,10661
655,38,Pre Assembly,10662
195,4,X-Ray Test,11178
195,4,X-Ray Test,10648
195,4,X-Ray Test,1657
195,4,X-Ray Test,1659
195,4,X-Ray Test,11120
195,4,X-Ray Test,10649
195,4,X-Ray Test,11244
150,8,8000 Material,11229
150,8,8000 Material,11228
698,21,Column Assembly,10957
698,21,Column Assembly,10968
698,21,Column Assembly,10969
698,21,Column Assembly,10970
698,21,Column Assembly,10974
698,21,Column Assembly,10975
698,21,Column Assembly,10976
698,21,Column Assembly,10977
698,21,Column Assembly,10978
698,21,Column Assembly,10980
698,21,Column Assembly,11246
34,4,Image Jump Macro,318
706,4,QA - System Power down,
37,4,Gemini I Table Filler,328
37,4,Gemini I Table Filler,11110
37,4,Gemini I Table Filler,11233
37,4,Gemini I Table Filler,11234
37,4,Gemini I Table Filler,329
37,4,Gemini I Table Filler,11314
37,4,Gemini I Table Filler,330
37,4,Gemini I Table Filler,331
37,4,Gemini I Table Filler,11114
37,4,Gemini I Table Filler,415
81,4,QA - Cathode,1571
81,4,QA - Cathode,1587
81,4,QA - Cathode,1588
81,4,QA - Cathode,11112
81,4,QA - Cathode,1589
81,4,QA - Cathode,1590
713,2,Decant Material and Replensiment,11310
713,2,Decant Material and Replensiment,11311
713,2,Decant Material and Replensiment,11312
403,13,Takt 1 - PC Set Up,11180
403,13,Takt 1 - PC Set Up,10610
403,13,Takt 1 - PC Set Up,11096
403,13,Takt 1 - PC Set Up,6935
403,13,Takt 1 - PC Set Up,11230
403,13,Takt 1 - PC Set Up,10465
403,13,Takt 1 - PC Set Up,10463
403,13,Takt 1 - PC Set Up,10464
403,13,Takt 1 - PC Set Up,10467
403,13,Takt 1 - PC Set Up,11272
650,13,Takt 10 - Pre QA Checks,11182
650,13,Takt 10 - Pre QA Checks,11097
650,13,Takt 10 - Pre QA Checks,10560
650,13,Takt 10 - Pre QA Checks,10561
650,13,Takt 10 - Pre QA Checks,10562
650,13,Takt 10 - Pre QA Checks,10563
650,13,Takt 10 - Pre QA Checks,10564
650,13,Takt 10 - Pre QA Checks,10565
650,13,Takt 10 - Pre QA Checks,10566
650,13,Takt 10 - Pre QA Checks,10567
650,13,Takt 10 - Pre QA Checks,10568
650,13,Takt 10 - Pre QA Checks,10569
650,13,Takt 10 - Pre QA Checks,10570
650,13,Takt 10 - Pre QA Checks,10571
650,13,Takt 10 - Pre QA Checks,10572
650,13,Takt 10 - Pre QA Checks,10573
650,13,Takt 10 - Pre QA Checks,10574
650,13,Takt 10 - Pre QA Checks,10575
522,21,Pre-Assembly,10979
522,21,Pre-Assembly,10942
522,21,Pre-Assembly,10943
522,21,Pre-Assembly,10944
522,21,Pre-Assembly,10945
522,21,Pre-Assembly,10946
522,21,Pre-Assembly,10947
522,21,Pre-Assembly,10948
522,21,Pre-Assembly,10949
522,21,Pre-Assembly,11198
522,21,Pre-Assembly,11199
522,21,Pre-Assembly,10950
522,21,Pre-Assembly,10951
522,21,Pre-Assembly,10952
522,21,Pre-Assembly,10954
522,21,Pre-Assembly,10953
377,6,Bakeout,3261
377,6,Bakeout,3260
701,6,Additional Documentation,
662,48,Takt 2 QA,10722
662,48,Takt 2 QA,10723
662,48,Takt 2 QA,10724
662,48,Takt 2 QA,10725
662,48,Takt 2 QA,10726
658,48,Pre Assembly,10681
658,48,Pre Assembly,10682
720,1,SCD,
21,4,Services and Firmware Upgrades,255
21,4,Services and Firmware Upgrades,11427
21,4,Services and Firmware Upgrades,11025
21,4,Services and Firmware Upgrades,256
21,4,Services and Firmware Upgrades,257
21,4,Services and Firmware Upgrades,11321
21,4,Services and Firmware Upgrades,389
21,4,Services and Firmware Upgrades,258
21,4,Services and Firmware Upgrades,385
21,4,Services and Firmware Upgrades,259
21,4,Services and Firmware Upgrades,387
21,4,Services and Firmware Upgrades,12567
21,4,Services and Firmware Upgrades,11066
21,4,Services and Firmware Upgrades,11026
21,4,Services and Firmware Upgrades,11027
21,4,Services and Firmware Upgrades,11028
23,4,ESB Conditioning (10 Mins Setup + 12Hr Run Time),269
653,13,Final Verification & Sign Off,10624
653,13,Final Verification & Sign Off,10625
653,13,Final Verification & Sign Off,10626
653,13,Final Verification & Sign Off,10627
653,13,Final Verification & Sign Off,10628
653,13,Final Verification & Sign Off,11231
653,13,Final Verification & Sign Off,10634
380,6,Gun Stabilisation,3268
28,4,Interim QA Check,290
28,4,Interim QA Check,291
28,4,Interim QA Check,409
28,4,Interim QA Check,292
28,4,Interim QA Check,293
28,4,Interim QA Check,294
28,4,Interim QA Check,10647
656,38,Takt 1,11152
656,38,Takt 1,11117
656,38,Takt 1,11105
656,38,Takt 1,10663
656,38,Takt 1,10664
656,38,Takt 1,10665
656,38,Takt 1,10784
656,38,Takt 1,10666
656,38,Takt 1,10667
656,38,Takt 1,10668
656,38,Takt 1,10669
656,38,Takt 1,10670
656,38,Takt 1,10671
656,38,Takt 1,10672
656,38,Takt 1,10673
656,38,Takt 1,10674
656,38,Takt 1,10675
656,38,Takt 1,10676
385,6,Post Alignment Checks,3283
385,6,Post Alignment Checks,3284
385,6,Post Alignment Checks,3287
385,6,Post Alignment Checks,11259
385,6,Post Alignment Checks,3288
0,0,Workflow Pool,
285,6,Services and PC Config,11179
285,6,Services and PC Config,1661
285,6,Services and PC Config,10931
285,6,Services and PC Config,11101
285,6,Services and PC Config,3242
285,6,Services and PC Config,3243
285,6,Services and PC Config,3244
285,6,Services and PC Config,11271
285,6,Services and PC Config,3245
285,6,Services and PC Config,3247
285,6,Services and PC Config,3246
285,6,Services and PC Config,3248
285,6,Services and PC Config,3249
285,6,Services and PC Config,11214
661,48,Takt 2,11149
661,48,Takt 2,10707
661,48,Takt 2,10708
661,48,Takt 2,10709
661,48,Takt 2,10710
661,48,Takt 2,10711
661,48,Takt 2,10712
661,48,Takt 2,10713
661,48,Takt 2,10714
661,48,Takt 2,10715
661,48,Takt 2,10716
661,48,Takt 2,10717
661,48,Takt 2,10719
661,48,Takt 2,10720
661,48,Takt 2,10721
388,6,Ripple / STD resolution,3291
388,6,Ripple / STD resolution,11425
388,6,Ripple / STD resolution,11426
388,6,Ripple / STD resolution,3292
388,6,Ripple / STD resolution,3293
388,6,Ripple / STD resolution,3294
386,6,X-Ray Checks,3414
386,6,X-Ray Checks,3415
386,6,X-Ray Checks,3285
1,1,Pre Assembly,
41,4,Cladding,10964
41,4,Cladding,343
666,48,Takt 4 QA,10754
666,48,Takt 4 QA,10755
666,48,Takt 4 QA,10756
45,4,Post QA Checks,10779
45,4,Post QA Checks,362
45,4,Post QA Checks,11024
45,4,Post QA Checks,11058
45,4,Post QA Checks,363
45,4,Post QA Checks,11059
45,4,Post QA Checks,364
45,4,Post QA Checks,411
45,4,Post QA Checks,365
45,4,Post QA Checks,366
45,4,Post QA Checks,367
45,4,Post QA Checks,368
45,4,Post QA Checks,413
45,4,Post QA Checks,11068
45,4,Post QA Checks,11337
45,4,Post QA Checks,11338
45,4,Post QA Checks,11339
45,4,Post QA Checks,11098
39,4,Probe I Stability (15 Mins Setup & 12 Hour Run),339
700,4,QA - Gun Run-up,10988
681,4,Additional  Documentation,10876
681,4,Additional  Documentation,11404
8,2,TAKT 2 Detector Housing,1651
8,2,TAKT 2 Detector Housing,91
8,2,TAKT 2 Detector Housing,92
8,2,TAKT 2 Detector Housing,1643
8,2,TAKT 2 Detector Housing,93
8,2,TAKT 2 Detector Housing,95
8,2,TAKT 2 Detector Housing,1644
8,2,TAKT 2 Detector Housing,96
8,2,TAKT 2 Detector Housing,94
8,2,TAKT 2 Detector Housing,1645
8,2,TAKT 2 Detector Housing,11409
8,2,TAKT 2 Detector Housing,11336
8,2,TAKT 2 Detector Housing,1646
8,2,TAKT 2 Detector Housing,3295
8,2,TAKT 2 Detector Housing,1647
8,2,TAKT 2 Detector Housing,1648
663,48,Takt 3,11150
663,48,Takt 3,11403
663,48,Takt 3,10727
663,48,Takt 3,10728
663,48,Takt 3,10729
663,48,Takt 3,10730
663,48,Takt 3,10731
849,5,"AVO 5040, 5050, 5051-5058",
850,5,Takt 11.1: Orsay GIS Einstellen (GIS 1),
851,5,Takt 15: XB Laser 1,
852,5,Takt 23: Vorbereitung zur Abnahme1,
853,5,Computer,
854,5,Takt 49: Abbau Endmontage,
855,5,Takt 60: Versand 1,
856,5,Takt 61: Versand 2,
857,5,Takt 62: Versand 3,
858,5,Takt 42: Endabnahme 1,
668,48,Takt 5 QA,11116
668,48,Takt 5 QA,10775
668,48,Takt 5 QA,10776
668,48,Takt 5 QA,10777
668,48,Takt 5 QA,10778
668,48,Takt 5 QA,10780
668,48,Takt 5 QA,10781
668,48,Takt 5 QA,10782
668,48,Takt 5 QA,10783
36,4,Probe Current Checks,321
36,4,Probe Current Checks,322
36,4,Probe Current Checks,323
36,4,Probe Current Checks,324
36,4,Probe Current Checks,325
36,4,Probe Current Checks,326
396,6,QA - Cathode,3360
396,6,QA - Cathode,3358
396,6,QA - Cathode,3359
396,6,QA - Cathode,10865
396,6,QA - Cathode,3361
396,6,QA - Cathode,10885
660,48,Takt 1 QA,10701
660,48,Takt 1 QA,10702
660,48,Takt 1 QA,10703
660,48,Takt 1 QA,10704
660,48,Takt 1 QA,10705
660,48,Takt 1 QA,10706
660,48,Takt 1 QA,10792
32,4,Objective Lens Test,311
32,4,Objective Lens Test,444
32,4,Objective Lens Test,445
32,4,Objective Lens Test,314
32,4,Objective Lens Test,1566
378,6,Gun Run Up,10616
378,6,Gun Run Up,3262
378,6,Gun Run Up,3264
378,6,Gun Run Up,3265
378,6,Gun Run Up,3266
378,6,Gun Run Up,3267
384,6,Align All Apertures,11044
384,6,Align All Apertures,3280
384,6,Align All Apertures,3281
384,6,Align All Apertures,3282
14,2,TAKT 6 Final Column Assembly & Checks,174
14,2,TAKT 6 Final Column Assembly & Checks,175
14,2,TAKT 6 Final Column Assembly & Checks,176
14,2,TAKT 6 Final Column Assembly & Checks,177
14,2,TAKT 6 Final Column Assembly & Checks,178
14,2,TAKT 6 Final Column Assembly & Checks,179
14,2,TAKT 6 Final Column Assembly & Checks,180
14,2,TAKT 6 Final Column Assembly & Checks,181
14,2,TAKT 6 Final Column Assembly & Checks,182
14,2,TAKT 6 Final Column Assembly & Checks,183
14,2,TAKT 6 Final Column Assembly & Checks,184
14,2,TAKT 6 Final Column Assembly & Checks,185
14,2,TAKT 6 Final Column Assembly & Checks,11122
14,2,TAKT 6 Final Column Assembly & Checks,1649
14,2,TAKT 6 Final Column Assembly & Checks,11245
394,6,QA - Vacuum System,3349
394,6,QA - Vacuum System,3350
394,6,QA - Vacuum System,3351
399,6,Post QA Checks,3396
399,6,Post QA Checks,3397
399,6,Post QA Checks,3398
399,6,Post QA Checks,3399
399,6,Post QA Checks,3400
399,6,Post QA Checks,3401
399,6,Post QA Checks,3402
642,13,Takt 2 - Cable Up/SmartSEM Set Up,11215
642,13,Takt 2 - Cable Up/SmartSEM Set Up,8699
642,13,Takt 2 - Cable Up/SmartSEM Set Up,10468
642,13,Takt 2 - Cable Up/SmartSEM Set Up,10469
642,13,Takt 2 - Cable Up/SmartSEM Set Up,10470
642,13,Takt 2 - Cable Up/SmartSEM Set Up,10471
642,13,Takt 2 - Cable Up/SmartSEM Set Up,10472
642,13,Takt 2 - Cable Up/SmartSEM Set Up,10473
642,13,Takt 2 - Cable Up/SmartSEM Set Up,10474
642,13,Takt 2 - Cable Up/SmartSEM Set Up,10475
642,13,Takt 2 - Cable Up/SmartSEM Set Up,10476
642,13,Takt 2 - Cable Up/SmartSEM Set Up,10477
642,13,Takt 2 - Cable Up/SmartSEM Set Up,10478
642,13,Takt 2 - Cable Up/SmartSEM Set Up,10479
642,13,Takt 2 - Cable Up/SmartSEM Set Up,10480
642,13,Takt 2 - Cable Up/SmartSEM Set Up,10481
642,13,Takt 2 - Cable Up/SmartSEM Set Up,10482
642,13,Takt 2 - Cable Up/SmartSEM Set Up,10483
642,13,Takt 2 - Cable Up/SmartSEM Set Up,10484
642,13,Takt 2 - Cable Up/SmartSEM Set Up,10485
645,13,Takt 5 - Mag Cal/Stage Checks,10511
645,13,Takt 5 - Mag Cal/Stage Checks,10512
645,13,Takt 5 - Mag Cal/Stage Checks,10513
645,13,Takt 5 - Mag Cal/Stage Checks,10880
645,13,Takt 5 - Mag Cal/Stage Checks,10514
645,13,Takt 5 - Mag Cal/Stage Checks,10761
645,13,Takt 5 - Mag Cal/Stage Checks,10762
645,13,Takt 5 - Mag Cal/Stage Checks,10516
645,13,Takt 5 - Mag Cal/Stage Checks,11184
645,13,Takt 5 - Mag Cal/Stage Checks,10517
645,13,Takt 5 - Mag Cal/Stage Checks,10518
645,13,Takt 5 - Mag Cal/Stage Checks,10929
645,13,Takt 5 - Mag Cal/Stage Checks,10519
645,13,Takt 5 - Mag Cal/Stage Checks,10520
645,13,Takt 5 - Mag Cal/Stage Checks,10521
645,13,Takt 5 - Mag Cal/Stage Checks,10522
645,13,Takt 5 - Mag Cal/Stage Checks,10523
645,13,Takt 5 - Mag Cal/Stage Checks,10524
645,13,Takt 5 - Mag Cal/Stage Checks,10525
9,2,TAKT3 Differential Pumping Stage,97
9,2,TAKT3 Differential Pumping Stage,99
9,2,TAKT3 Differential Pumping Stage,100
9,2,TAKT3 Differential Pumping Stage,101
9,2,TAKT3 Differential Pumping Stage,102
9,2,TAKT3 Differential Pumping Stage,103
9,2,TAKT3 Differential Pumping Stage,104
9,2,TAKT3 Differential Pumping Stage,1652
9,2,TAKT3 Differential Pumping Stage,11242
649,13,Takt 9 Accessory Resolution,10555
649,13,Takt 9 Accessory Resolution,10556
649,13,Takt 9 Accessory Resolution,11206
649,13,Takt 9 Accessory Resolution,10659
649,13,Takt 9 Accessory Resolution,10557
649,13,Takt 9 Accessory Resolution,10558
647,13,Takt 7 -Panel Up,10550
647,13,Takt 7 -Panel Up,10551
647,13,Takt 7 -Panel Up,10552
381,6,30um Aperture Alignment,3269
381,6,30um Aperture Alignment,3270
381,6,30um Aperture Alignment,3271
381,6,30um Aperture Alignment,3272
381,6,30um Aperture Alignment,3273
381,6,30um Aperture Alignment,3274
644,13,Takt 4 - X-Ray Check/Stigmators,10496
644,13,Takt 4 - X-Ray Check/Stigmators,10760
644,13,Takt 4 - X-Ray Check/Stigmators,10497
644,13,Takt 4 - X-Ray Check/Stigmators,10498
644,13,Takt 4 - X-Ray Check/Stigmators,10500
644,13,Takt 4 - X-Ray Check/Stigmators,11195
644,13,Takt 4 - X-Ray Check/Stigmators,10501
644,13,Takt 4 - X-Ray Check/Stigmators,10502
644,13,Takt 4 - X-Ray Check/Stigmators,10504
644,13,Takt 4 - X-Ray Check/Stigmators,10503
644,13,Takt 4 - X-Ray Check/Stigmators,10505
644,13,Takt 4 - X-Ray Check/Stigmators,10506
644,13,Takt 4 - X-Ray Check/Stigmators,10507
644,13,Takt 4 - X-Ray Check/Stigmators,10656
644,13,Takt 4 - X-Ray Check/Stigmators,10508
644,13,Takt 4 - X-Ray Check/Stigmators,10509
644,13,Takt 4 - X-Ray Check/Stigmators,10510
31,4,Column Checks,306
31,4,Column Checks,307
31,4,Column Checks,308
31,4,Column Checks,309
383,6,VP Checks,3275
383,6,VP Checks,3276
383,6,VP Checks,3277
383,6,VP Checks,3278
38,4,"Max Extractor, Optiprobe",333
38,4,"Max Extractor, Optiprobe",334
38,4,"Max Extractor, Optiprobe",335
38,4,"Max Extractor, Optiprobe",336
38,4,"Max Extractor, Optiprobe",337
38,4,"Max Extractor, Optiprobe",11315
382,6,Mag Cal / Stage Checks,3418
382,6,Mag Cal / Stage Checks,6927
382,6,Mag Cal / Stage Checks,6928
382,6,Mag Cal / Stage Checks,6929
382,6,Mag Cal / Stage Checks,6930
382,6,Mag Cal / Stage Checks,6931
382,6,Mag Cal / Stage Checks,6932
382,6,Mag Cal / Stage Checks,6933
382,6,Mag Cal / Stage Checks,11207
678,38,Takt 5,10854
678,38,Takt 5,11415
678,38,Takt 5,10847
678,38,Takt 5,11417
678,38,Takt 5,11419
678,38,Takt 5,10848
678,38,Takt 5,10849
678,38,Takt 5,10853
678,38,Takt 5,10850
678,38,Takt 5,10851
678,38,Takt 5,10852
678,38,Takt 5,10855
678,38,Takt 5,10856
678,38,Takt 5,10857
678,38,Takt 5,11248
2,1,Takt 1 Assembly,11103
2,1,Takt 1 Assembly,11104
2,1,Takt 1 Assembly,10679
2,1,Takt 1 Assembly,11253
2,1,Takt 1 Assembly,5
2,1,Takt 1 Assembly,9
2,1,Takt 1 Assembly,6
2,1,Takt 1 Assembly,7
2,1,Takt 1 Assembly,8
2,1,Takt 1 Assembly,10
2,1,Takt 1 Assembly,11
2,1,Takt 1 Assembly,12
2,1,Takt 1 Assembly,13
2,1,Takt 1 Assembly,14
2,1,Takt 1 Assembly,15
2,1,Takt 1 Assembly,16
2,1,Takt 1 Assembly,19
2,1,Takt 1 Assembly,17
2,1,Takt 1 Assembly,18
2,1,Takt 1 Assembly,11309
2,1,Takt 1 Assembly,20
2,1,Takt 1 Assembly,21
2,1,Takt 1 Assembly,22
2,1,Takt 1 Assembly,23
703,1,System Bake Out,11016
703,1,System Bake Out,11017
35,4,Aperture Alignment,319
35,4,Aperture Alignment,320
670,38,Takt 1 QA,10785
670,38,Takt 1 QA,10786
670,38,Takt 1 QA,10787
670,38,Takt 1 QA,10788
670,38,Takt 1 QA,10789
670,38,Takt 1 QA,10790
670,38,Takt 1 QA,10791
387,6,Clad Up / Contamination,3289
387,6,Clad Up / Contamination,11010
387,6,Clad Up / Contamination,3290
10,2,TAKT 4 Single Condenser,1653
10,2,TAKT 4 Single Condenser,105
10,2,TAKT 4 Single Condenser,106
10,2,TAKT 4 Single Condenser,107
10,2,TAKT 4 Single Condenser,10678
10,2,TAKT 4 Single Condenser,109
10,2,TAKT 4 Single Condenser,110
10,2,TAKT 4 Single Condenser,111
672,38,Takt 2 QA,10811
672,38,Takt 2 QA,10812
672,38,Takt 2 QA,10813
672,38,Takt 2 QA,10814
672,38,Takt 2 QA,10815
33,4,Initial resolution,316
33,4,Initial resolution,11062
33,4,Initial resolution,317
675,38,Takt 3 QA,10824
675,38,Takt 3 QA,10825
397,6,QA - Accessories,3362
397,6,QA - Accessories,3363
397,6,QA - Accessories,3364
397,6,QA - Accessories,3365
397,6,QA - Accessories,3366
397,6,QA - Accessories,11075
397,6,QA - Accessories,3367
397,6,QA - Accessories,10911
397,6,QA - Accessories,3368
397,6,QA - Accessories,10914
397,6,QA - Accessories,10928
397,6,QA - Accessories,10920
397,6,QA - Accessories,10912
397,6,QA - Accessories,3369
397,6,QA - Accessories,3370
397,6,QA - Accessories,10919
397,6,QA - Accessories,3371
397,6,QA - Accessories,3372
397,6,QA - Accessories,3373
397,6,QA - Accessories,3374
397,6,QA - Accessories,3375
397,6,QA - Accessories,3376
397,6,QA - Accessories,3377
397,6,QA - Accessories,10909
397,6,QA - Accessories,10910
397,6,QA - Accessories,10913
397,6,QA - Accessories,10915
397,6,QA - Accessories,10916
397,6,QA - Accessories,10917
397,6,QA - Accessories,10918
397,6,QA - Accessories,10921
397,6,QA - Accessories,10922
397,6,QA - Accessories,10923
397,6,QA - Accessories,10924
397,6,QA - Accessories,10925
397,6,QA - Accessories,10926
677,38,Takt 4 QA,10844
677,38,Takt 4 QA,10845
677,38,Takt 4 QA,10846
679,38,Takt 5 QA,11118
679,38,Takt 5 QA,10858
679,38,Takt 5 QA,10859
679,38,Takt 5 QA,10860
679,38,Takt 5 QA,10861
679,38,Takt 5 QA,10862
679,38,Takt 5 QA,10863
679,38,Takt 5 QA,10864
391,6,Customer Additional Licences,3328
391,6,Customer Additional Licences,3329
391,6,Customer Additional Licences,3330
391,6,Customer Additional Licences,3331
391,6,Customer Additional Licences,3332
391,6,Customer Additional Licences,3333
391,6,Customer Additional Licences,3334
391,6,Customer Additional Licences,3335
391,6,Customer Additional Licences,3336
393,6,QA - Computer,6934
393,6,QA - Computer,3344
393,6,QA - Computer,3345
393,6,QA - Computer,3346
393,6,QA - Computer,3347
393,6,QA - Computer,3348
676,38,Takt 4,11155
676,38,Takt 4,10826
676,38,Takt 4,10877
676,38,Takt 4,10827
676,38,Takt 4,10828
676,38,Takt 4,11406
676,38,Takt 4,11400
676,38,Takt 4,10829
676,38,Takt 4,10830
676,38,Takt 4,11243
676,38,Takt 4,11257
676,38,Takt 4,11194
676,38,Takt 4,10831
676,38,Takt 4,11268
676,38,Takt 4,10832
676,38,Takt 4,10833
676,38,Takt 4,10834
676,38,Takt 4,10835
676,38,Takt 4,11335
676,38,Takt 4,10836
676,38,Takt 4,10837
676,38,Takt 4,10838
676,38,Takt 4,10840
676,38,Takt 4,10935
676,38,Takt 4,10841
676,38,Takt 4,10842
676,38,Takt 4,10843
676,38,Takt 4,11344
392,6,QA - System Appearance,3337
392,6,QA - System Appearance,3338
392,6,QA - System Appearance,3341
392,6,QA - System Appearance,3342
392,6,QA - System Appearance,3343
392,6,QA - System Appearance,3339
4,1,Takt 3 Assembly,11127
4,1,Takt 3 Assembly,11128
4,1,Takt 3 Assembly,32
4,1,Takt 3 Assembly,33
4,1,Takt 3 Assembly,11389
4,1,Takt 3 Assembly,10937
4,1,Takt 3 Assembly,34
4,1,Takt 3 Assembly,35
4,1,Takt 3 Assembly,36
4,1,Takt 3 Assembly,37
4,1,Takt 3 Assembly,38
4,1,Takt 3 Assembly,39
4,1,Takt 3 Assembly,40
4,1,Takt 3 Assembly,41
4,1,Takt 3 Assembly,42
4,1,Takt 3 Assembly,43
4,1,Takt 3 Assembly,44
4,1,Takt 3 Assembly,45
4,1,Takt 3 Assembly,46
4,1,Takt 3 Assembly,11384
719,13,Additional Documents,11402
6,1,Takt 5 Assembly,10958
6,1,Takt 5 Assembly,59
6,1,Takt 5 Assembly,11254
6,1,Takt 5 Assembly,11345
6,1,Takt 5 Assembly,11251
6,1,Takt 5 Assembly,1545
6,1,Takt 5 Assembly,1546
6,1,Takt 5 Assembly,1547
6,1,Takt 5 Assembly,60
6,1,Takt 5 Assembly,11423
6,1,Takt 5 Assembly,1548
6,1,Takt 5 Assembly,61
6,1,Takt 5 Assembly,62
6,1,Takt 5 Assembly,63
6,1,Takt 5 Assembly,64
6,1,Takt 5 Assembly,65
6,1,Takt 5 Assembly,66
6,1,Takt 5 Assembly,68
6,1,Takt 5 Assembly,69
6,1,Takt 5 Assembly,70
6,1,Takt 5 Assembly,71
6,1,Takt 5 Assembly,72
24,4,Damping System Setup,272
24,4,Damping System Setup,273
42,4,Ripple,344
42,4,Ripple,11013
42,4,Ripple,11046
42,4,Ripple,11047
44,4,Final System Checks,11177
44,4,Final System Checks,348
44,4,Final System Checks,11256
44,4,Final System Checks,454
44,4,Final System Checks,455
44,4,Final System Checks,349
44,4,Final System Checks,350
44,4,Final System Checks,351
44,4,Final System Checks,353
44,4,Final System Checks,11064
44,4,Final System Checks,354
44,4,Final System Checks,11235
44,4,Final System Checks,355
44,4,Final System Checks,11050
44,4,Final System Checks,11090
44,4,Final System Checks,11051
44,4,Final System Checks,358
44,4,Final System Checks,356
44,4,Final System Checks,357
643,13,Takt 3 - Obtain Image/Column Align,10488
643,13,Takt 3 - Obtain Image/Column Align,10486
643,13,Takt 3 - Obtain Image/Column Align,10487
643,13,Takt 3 - Obtain Image/Column Align,11424
643,13,Takt 3 - Obtain Image/Column Align,10615
643,13,Takt 3 - Obtain Image/Column Align,10489
643,13,Takt 3 - Obtain Image/Column Align,10490
643,13,Takt 3 - Obtain Image/Column Align,10491
643,13,Takt 3 - Obtain Image/Column Align,10492
643,13,Takt 3 - Obtain Image/Column Align,10493
643,13,Takt 3 - Obtain Image/Column Align,10494
643,13,Takt 3 - Obtain Image/Column Align,10495
665,48,Takt 4,11151
665,48,Takt 4,10734
665,48,Takt 4,10735
665,48,Takt 4,10878
665,48,Takt 4,10736
665,48,Takt 4,10740
665,48,Takt 4,10741
665,48,Takt 4,10737
665,48,Takt 4,11390
665,48,Takt 4,10742
665,48,Takt 4,11193
665,48,Takt 4,10738
665,48,Takt 4,10739
665,48,Takt 4,10764
665,48,Takt 4,11260
665,48,Takt 4,10743
665,48,Takt 4,11267
665,48,Takt 4,11261
665,48,Takt 4,10744
665,48,Takt 4,10745
665,48,Takt 4,10746
665,48,Takt 4,10747
665,48,Takt 4,10748
665,48,Takt 4,10749
665,48,Takt 4,10839
665,48,Takt 4,10750
665,48,Takt 4,10934
665,48,Takt 4,10751
665,48,Takt 4,10752
665,48,Takt 4,10753
665,48,Takt 4,11405
652,13,Takt 12 Packing,10617
652,13,Takt 12 Packing,10618
652,13,Takt 12 Packing,10619
652,13,Takt 12 Packing,10620
652,13,Takt 12 Packing,10621
652,13,Takt 12 Packing,10629
652,13,Takt 12 Packing,10630
652,13,Takt 12 Packing,10631
652,13,Takt 12 Packing,10632
652,13,Takt 12 Packing,11421
652,13,Takt 12 Packing,10633
652,13,Takt 12 Packing,10635
30,4,Magcal & Stage Checks,296
30,4,Magcal & Stage Checks,297
30,4,Magcal & Stage Checks,11213
30,4,Magcal & Stage Checks,11071
30,4,Magcal & Stage Checks,298
30,4,Magcal & Stage Checks,299
30,4,Magcal & Stage Checks,300
30,4,Magcal & Stage Checks,302
30,4,Magcal & Stage Checks,303
30,4,Magcal & Stage Checks,456
30,4,Magcal & Stage Checks,11069
30,4,Magcal & Stage Checks,305
398,6,QA - Electron Optics,3378
398,6,QA - Electron Optics,3379
398,6,QA - Electron Optics,3380
398,6,QA - Electron Optics,3381
398,6,QA - Electron Optics,3382
398,6,QA - Electron Optics,3383
398,6,QA - Electron Optics,3384
398,6,QA - Electron Optics,3395
398,6,QA - Electron Optics,3385
398,6,QA - Electron Optics,3386
398,6,QA - Electron Optics,3388
398,6,QA - Electron Optics,3389
398,6,QA - Electron Optics,3390
398,6,QA - Electron Optics,3391
398,6,QA - Electron Optics,3392
398,6,QA - Electron Optics,3393
27,4,Alignment Wizard,428
27,4,Alignment Wizard,284
27,4,Alignment Wizard,404
27,4,Alignment Wizard,286
27,4,Alignment Wizard,11316
27,4,Alignment Wizard,11072
27,4,Alignment Wizard,11037
27,4,Alignment Wizard,405
27,4,Alignment Wizard,429
27,4,Alignment Wizard,10941
27,4,Alignment Wizard,430
27,4,Alignment Wizard,406
27,4,Alignment Wizard,289
27,4,Alignment Wizard,431
27,4,Alignment Wizard,432
27,4,Alignment Wizard,433
27,4,Alignment Wizard,434
27,4,Alignment Wizard,435
27,4,Alignment Wizard,436
40,4,Accessories,11273
40,4,Accessories,11080
40,4,Accessories,11081
40,4,Accessories,1555
40,4,Accessories,10868
40,4,Accessories,1552
40,4,Accessories,11135
40,4,Accessories,11132
40,4,Accessories,11133
40,4,Accessories,11134
40,4,Accessories,1553
40,4,Accessories,1550
40,4,Accessories,11084
40,4,Accessories,11085
40,4,Accessories,1551
40,4,Accessories,447
40,4,Accessories,448
40,4,Accessories,449
40,4,Accessories,450
40,4,Accessories,451
40,4,Accessories,452
40,4,Accessories,453
40,4,Accessories,1554
40,4,Accessories,1556
40,4,Accessories,1563
40,4,Accessories,1557
40,4,Accessories,1558
40,4,Accessories,1559
40,4,Accessories,1561
40,4,Accessories,1560
40,4,Accessories,1562
40,4,Accessories,1564
40,4,Accessories,1565
40,4,Accessories,10973
40,4,Accessories,11023
40,4,Accessories,342
40,4,Accessories,11325
379,6,Aperture Pre-alignment,3263
102,4,QA -  Detectors/Accessories,11079
102,4,QA -  Detectors/Accessories,1576
102,4,QA -  Detectors/Accessories,11054
102,4,QA -  Detectors/Accessories,11086
102,4,QA -  Detectors/Accessories,1614
102,4,QA -  Detectors/Accessories,11087
102,4,QA -  Detectors/Accessories,11055
102,4,QA -  Detectors/Accessories,1615
102,4,QA -  Detectors/Accessories,1616
102,4,QA -  Detectors/Accessories,1617
102,4,QA -  Detectors/Accessories,1618
102,4,QA -  Detectors/Accessories,1619
102,4,QA -  Detectors/Accessories,1620
102,4,QA -  Detectors/Accessories,1621
102,4,QA -  Detectors/Accessories,1622
102,4,QA -  Detectors/Accessories,1623
102,4,QA -  Detectors/Accessories,1624
102,4,QA -  Detectors/Accessories,1625
102,4,QA -  Detectors/Accessories,11078
102,4,QA -  Detectors/Accessories,1626
102,4,QA -  Detectors/Accessories,11382
102,4,QA -  Detectors/Accessories,1628
102,4,QA -  Detectors/Accessories,1627
102,4,QA -  Detectors/Accessories,1629
102,4,QA -  Detectors/Accessories,11056
102,4,QA -  Detectors/Accessories,11077
646,13,Takt 6 Accessories,10526
646,13,Takt 6 Accessories,11100
646,13,Takt 6 Accessories,10869
646,13,Takt 6 Accessories,10866
646,13,Takt 6 Accessories,10528
646,13,Takt 6 Accessories,10530
646,13,Takt 6 Accessories,10529
646,13,Takt 6 Accessories,10531
646,13,Takt 6 Accessories,10655
646,13,Takt 6 Accessories,10532
646,13,Takt 6 Accessories,10533
646,13,Takt 6 Accessories,10534
646,13,Takt 6 Accessories,10536
646,13,Takt 6 Accessories,10645
646,13,Takt 6 Accessories,10535
646,13,Takt 6 Accessories,10537
646,13,Takt 6 Accessories,10539
646,13,Takt 6 Accessories,10540
646,13,Takt 6 Accessories,10541
646,13,Takt 6 Accessories,10542
646,13,Takt 6 Accessories,10543
646,13,Takt 6 Accessories,10527
646,13,Takt 6 Accessories,10650
646,13,Takt 6 Accessories,10544
646,13,Takt 6 Accessories,10651
646,13,Takt 6 Accessories,10652
646,13,Takt 6 Accessories,10653
646,13,Takt 6 Accessories,10545
646,13,Takt 6 Accessories,11346
646,13,Takt 6 Accessories,10654
646,13,Takt 6 Accessories,10546
646,13,Takt 6 Accessories,10960
646,13,Takt 6 Accessories,10547
646,13,Takt 6 Accessories,10548
646,13,Takt 6 Accessories,10549
646,13,Takt 6 Accessories,11200
646,13,Takt 6 Accessories,11210
646,13,Takt 6 Accessories,11209
646,13,Takt 6 Accessories,11201
646,13,Takt 6 Accessories,11202
646,13,Takt 6 Accessories,11203
646,13,Takt 6 Accessories,11204
646,13,Takt 6 Accessories,11205
83,4,QA - Computer,1573
83,4,QA - Computer,1595
83,4,QA - Computer,1596
83,4,QA - Computer,11094
83,4,QA - Computer,1597
83,4,QA - Computer,1598
390,6,Final System Checks,11181
390,6,Final System Checks,3317
390,6,Final System Checks,11102
390,6,Final System Checks,3318
390,6,Final System Checks,3319
390,6,Final System Checks,3320
390,6,Final System Checks,3321
390,6,Final System Checks,3322
390,6,Final System Checks,3324
390,6,Final System Checks,3325
390,6,Final System Checks,3326
390,6,Final System Checks,3327
84,4,QA - Vacuum System,1574
84,4,QA - Vacuum System,1599
84,4,QA - Vacuum System,1600
84,4,QA - Vacuum System,1601
84,4,QA - Vacuum System,11095
80,4,QA - Vac Readings,1570
80,4,QA - Vac Readings,1586
401,6,System Verification & Sign Off,3409
401,6,System Verification & Sign Off,3411
401,6,System Verification & Sign Off,3410
401,6,System Verification & Sign Off,3413
401,6,System Verification & Sign Off,3412
401,6,System Verification & Sign Off,11232
671,38,Takt 2,11153
671,38,Takt 2,10793
671,38,Takt 2,10808
671,38,Takt 2,10794
671,38,Takt 2,10795
671,38,Takt 2,10796
671,38,Takt 2,10797
671,38,Takt 2,10798
671,38,Takt 2,10799
671,38,Takt 2,10801
671,38,Takt 2,10802
671,38,Takt 2,10803
671,38,Takt 2,10804
671,38,Takt 2,10800
671,38,Takt 2,10805
671,38,Takt 2,10806
671,38,Takt 2,10807
671,38,Takt 2,10810
674,38,Takt 3,11154
674,38,Takt 3,10816
674,38,Takt 3,10817
674,38,Takt 3,10818
674,38,Takt 3,10819
674,38,Takt 3,10821
674,38,Takt 3,10822
674,38,Takt 3,10823
705,4,Open X,11057
79,4,QA - System Appearance,1578
79,4,QA - System Appearance,1579
79,4,QA - System Appearance,1585
79,4,QA - System Appearance,11093
79,4,QA - System Appearance,1584
79,4,QA - System Appearance,1583
79,4,QA - System Appearance,1582
79,4,QA - System Appearance,1581
79,4,QA - System Appearance,1580
79,4,QA - System Appearance,1569
376,6,System Status / SmartSEM Configuration,3250
376,6,System Status / SmartSEM Configuration,3251
376,6,System Status / SmartSEM Configuration,3252
376,6,System Status / SmartSEM Configuration,3253
376,6,System Status / SmartSEM Configuration,3255
376,6,System Status / SmartSEM Configuration,3254
376,6,System Status / SmartSEM Configuration,3257
376,6,System Status / SmartSEM Configuration,3258
376,6,System Status / SmartSEM Configuration,3259
103,4,QA -  Electron Optics,1577
103,4,QA -  Electron Optics,1607
103,4,QA -  Electron Optics,1608
103,4,QA -  Electron Optics,1609
103,4,QA -  Electron Optics,1610
103,4,QA -  Electron Optics,1611
103,4,QA -  Electron Optics,1612
103,4,QA -  Electron Optics,1613
105,4,QA - System Restart,1630
22,4,Gun Conditioning & Runup,260
22,4,Gun Conditioning & Runup,11029
22,4,Gun Conditioning & Runup,11030
22,4,Gun Conditioning & Runup,261
22,4,Gun Conditioning & Runup,11031
22,4,Gun Conditioning & Runup,11033
22,4,Gun Conditioning & Runup,262
22,4,Gun Conditioning & Runup,264
22,4,Gun Conditioning & Runup,421
22,4,Gun Conditioning & Runup,265
22,4,Gun Conditioning & Runup,266
22,4,Gun Conditioning & Runup,267
22,4,Gun Conditioning & Runup,268
395,6,QA -  Stage / Panel,3352
395,6,QA -  Stage / Panel,3353
395,6,QA -  Stage / Panel,3354
395,6,QA -  Stage / Panel,3355
395,6,QA -  Stage / Panel,3356
13,2,EBBU Column Checks,168
13,2,EBBU Column Checks,167
13,2,EBBU Column Checks,11190
13,2,EBBU Column Checks,169
13,2,EBBU Column Checks,171
13,2,EBBU Column Checks,172
13,2,EBBU Column Checks,11191
13,2,EBBU Column Checks,11192
11,2,TAKT 4 Double Condenser,116
11,2,TAKT 4 Double Condenser,117
11,2,TAKT 4 Double Condenser,118
11,2,TAKT 4 Double Condenser,119
11,2,TAKT 4 Double Condenser,120
11,2,TAKT 4 Double Condenser,122
11,2,TAKT 4 Double Condenser,125
11,2,TAKT 4 Double Condenser,126
11,2,TAKT 4 Double Condenser,127
11,2,TAKT 4 Double Condenser,128
11,2,TAKT 4 Double Condenser,129
11,2,TAKT 4 Double Condenser,130
11,2,TAKT 4 Double Condenser,131
11,2,TAKT 4 Double Condenser,132
11,2,TAKT 4 Double Condenser,134
11,2,TAKT 4 Double Condenser,124
11,2,TAKT 4 Double Condenser,135
11,2,TAKT 4 Double Condenser,136
11,2,TAKT 4 Double Condenser,137
11,2,TAKT 4 Double Condenser,1654
85,4,QA -  Stage / Panel,1575
85,4,QA -  Stage / Panel,1602
85,4,QA -  Stage / Panel,1603
85,4,QA -  Stage / Panel,1604
85,4,QA -  Stage / Panel,1605
85,4,QA -  Stage / Panel,1606
85,4,QA -  Stage / Panel,11019
85,4,QA -  Stage / Panel,11020
85,4,QA -  Stage / Panel,11022
704,4,Beam Tests,11040
704,4,Beam Tests,11041
704,4,Beam Tests,11043
704,4,Beam Tests,11045
704,4,Beam Tests,11061
699,4,Gemini II Table filler,10966
699,4,Gemini II Table filler,11188
82,4,QA - Column / Mag Cal checks,1572
82,4,QA - Column / Mag Cal checks,1591
82,4,QA - Column / Mag Cal checks,1592
82,4,QA - Column / Mag Cal checks,1593
82,4,QA - Column / Mag Cal checks,10981
82,4,QA - Column / Mag Cal checks,11052
82,4,QA - Column / Mag Cal checks,11053
82,4,QA - Column / Mag Cal checks,1594
82,4,QA - Column / Mag Cal checks,10982
82,4,QA - Column / Mag Cal checks,10983
82,4,QA - Column / Mag Cal checks,10984
82,4,QA - Column / Mag Cal checks,10985
82,4,QA - Column / Mag Cal checks,10986
82,4,QA - Column / Mag Cal checks,10987
26,4,Detector Concentricity,10965
26,4,Detector Concentricity,1549
26,4,Detector Concentricity,280
26,4,Detector Concentricity,281
26,4,Detector Concentricity,396
26,4,Detector Concentricity,282
26,4,Detector Concentricity,283
106,4,System Verification & Sign Off,1632
106,4,System Verification & Sign Off,1633
106,4,System Verification & Sign Off,1634
106,4,System Verification & Sign Off,1635
106,4,System Verification & Sign Off,1636
106,4,System Verification & Sign Off,1637
106,4,System Verification & Sign Off,11065
43,4,Resolution,345
43,4,Resolution,10971
43,4,Resolution,346
43,4,Resolution,347
43,4,Resolution,11048
43,4,Resolution,11341
43,4,Resolution,11049
43,4,Resolution,11353
717,38,System Bake Out ,11386
717,38,System Bake Out ,11388
389,6,Accessories Test,11082
389,6,Accessories Test,3296
389,6,Accessories Test,10879
389,6,Accessories Test,10870
389,6,Accessories Test,10867
389,6,Accessories Test,3297
389,6,Accessories Test,3298
389,6,Accessories Test,3299
389,6,Accessories Test,3300
389,6,Accessories Test,3301
389,6,Accessories Test,3302
389,6,Accessories Test,3303
389,6,Accessories Test,3304
389,6,Accessories Test,3305
389,6,Accessories Test,3306
389,6,Accessories Test,11074
389,6,Accessories Test,10927
389,6,Accessories Test,3307
389,6,Accessories Test,11011
389,6,Accessories Test,11012
389,6,Accessories Test,11347
389,6,Accessories Test,11348
389,6,Accessories Test,11349
389,6,Accessories Test,11350
389,6,Accessories Test,3312
389,6,Accessories Test,3309
389,6,Accessories Test,3311
389,6,Accessories Test,3313
389,6,Accessories Test,3314
389,6,Accessories Test,3315
389,6,Accessories Test,10873
389,6,Accessories Test,3316
389,6,Accessories Test,10874
389,6,Accessories Test,3310
389,6,Accessories Test,10883
12,2,TAKT 5 UHV Chamber,138
12,2,TAKT 5 UHV Chamber,140
12,2,TAKT 5 UHV Chamber,1655
12,2,TAKT 5 UHV Chamber,141
12,2,TAKT 5 UHV Chamber,11208
12,2,TAKT 5 UHV Chamber,11354
12,2,TAKT 5 UHV Chamber,143
12,2,TAKT 5 UHV Chamber,146
12,2,TAKT 5 UHV Chamber,144
12,2,TAKT 5 UHV Chamber,147
12,2,TAKT 5 UHV Chamber,149
12,2,TAKT 5 UHV Chamber,148
12,2,TAKT 5 UHV Chamber,150
12,2,TAKT 5 UHV Chamber,151
12,2,TAKT 5 UHV Chamber,145
12,2,TAKT 5 UHV Chamber,1660
12,2,TAKT 5 UHV Chamber,153
12,2,TAKT 5 UHV Chamber,11076
12,2,TAKT 5 UHV Chamber,152
12,2,TAKT 5 UHV Chamber,157
12,2,TAKT 5 UHV Chamber,11385
12,2,TAKT 5 UHV Chamber,11143
12,2,TAKT 5 UHV Chamber,142
12,2,TAKT 5 UHV Chamber,158
12,2,TAKT 5 UHV Chamber,159
12,2,TAKT 5 UHV Chamber,160
12,2,TAKT 5 UHV Chamber,161
12,2,TAKT 5 UHV Chamber,162
12,2,TAKT 5 UHV Chamber,155
12,2,TAKT 5 UHV Chamber,163
12,2,TAKT 5 UHV Chamber,164
12,2,TAKT 5 UHV Chamber,165
12,2,TAKT 5 UHV Chamber,166
12,2,TAKT 5 UHV Chamber,11144
12,2,TAKT 5 UHV Chamber,11145
12,2,TAKT 5 UHV Chamber,11146
12,2,TAKT 5 UHV Chamber,11147
12,2,TAKT 5 UHV Chamber,11266
5,1,Takt 4 Assembly,11129
5,1,Takt 4 Assembly,11130
5,1,Takt 4 Assembly,49
5,1,Takt 4 Assembly,50
5,1,Takt 4 Assembly,52
5,1,Takt 4 Assembly,11274
5,1,Takt 4 Assembly,53
5,1,Takt 4 Assembly,54
5,1,Takt 4 Assembly,55
5,1,Takt 4 Assembly,56
5,1,Takt 4 Assembly,10959
5,1,Takt 4 Assembly,57
5,1,Takt 4 Assembly,1544
5,1,Takt 4 Assembly,11275
5,1,Takt 4 Assembly,58
5,1,Takt 4 Assembly,10989
5,1,Takt 4 Assembly,10990
5,1,Takt 4 Assembly,11422
5,1,Takt 4 Assembly,11018
5,1,Takt 4 Assembly,10991
5,1,Takt 4 Assembly,10992
5,1,Takt 4 Assembly,11342
5,1,Takt 4 Assembly,10993
5,1,Takt 4 Assembly,10994
5,1,Takt 4 Assembly,10995
5,1,Takt 4 Assembly,10996
5,1,Takt 4 Assembly,10997
5,1,Takt 4 Assembly,10998
5,1,Takt 4 Assembly,10999
5,1,Takt 4 Assembly,11000
5,1,Takt 4 Assembly,11001
5,1,Takt 4 Assembly,11002
5,1,Takt 4 Assembly,11003
5,1,Takt 4 Assembly,11004
5,1,Takt 4 Assembly,11005
5,1,Takt 4 Assembly,11073
7,2,TAKT 1 Objective Lens,1650
7,2,TAKT 1 Objective Lens,73
7,2,TAKT 1 Objective Lens,11340
7,2,TAKT 1 Objective Lens,74
7,2,TAKT 1 Objective Lens,75
7,2,TAKT 1 Objective Lens,11258
7,2,TAKT 1 Objective Lens,1638
7,2,TAKT 1 Objective Lens,82
7,2,TAKT 1 Objective Lens,1639
7,2,TAKT 1 Objective Lens,1640
7,2,TAKT 1 Objective Lens,1641
7,2,TAKT 1 Objective Lens,88
7,2,TAKT 1 Objective Lens,83
7,2,TAKT 1 Objective Lens,1642
7,2,TAKT 1 Objective Lens,11393
7,2,TAKT 1 Objective Lens,10677
7,2,TAKT 1 Objective Lens,77
7,2,TAKT 1 Objective Lens,81
46,4,System Despatch,369
46,4,System Despatch,420
46,4,System Despatch,370
46,4,System Despatch,1567
46,4,System Despatch,11408
46,4,System Despatch,1568
46,4,System Despatch,11123
46,4,System Despatch,11407
46,4,System Despatch,371
46,4,System Despatch,11060
46,4,System Despatch,11099
46,4,System Despatch,373
46,4,System Despatch,374
20,4,PC Configuration,11175
20,4,PC Configuration,11176
20,4,PC Configuration,11021
20,4,PC Configuration,11255
20,4,PC Configuration,10932
20,4,PC Configuration,10933
20,4,PC Configuration,425
20,4,PC Configuration,10930
20,4,PC Configuration,252
20,4,PC Configuration,11038
20,4,PC Configuration,254
20,4,PC Configuration,11270
718,4,Pre-Cladding Checks,11392
718,4,Pre-Cladding Checks,11396
654,13,Post QA Checks,10636
654,13,Post QA Checks,10637
654,13,Post QA Checks,11196
654,13,Post QA Checks,11197
654,13,Post QA Checks,10638
654,13,Post QA Checks,10639
654,13,Post QA Checks,10640
654,13,Post QA Checks,10641
654,13,Post QA Checks,11070
654,13,Post QA Checks,11063
654,13,Post QA Checks,10642
654,13,Post QA Checks,10644
654,13,Post QA Checks,11420
654,13,Post QA Checks,10643
667,48,Takt 5,10772
667,48,Takt 5,11411
667,48,Takt 5,10765
667,48,Takt 5,11412
667,48,Takt 5,11413
667,48,Takt 5,11414
667,48,Takt 5,10766
667,48,Takt 5,10767
667,48,Takt 5,10771
667,48,Takt 5,10768
667,48,Takt 5,10769
667,48,Takt 5,10770
667,48,Takt 5,10773
667,48,Takt 5,10774
667,48,Takt 5,11247
659,48,Takt 1,11148
659,48,Takt 1,11115
659,48,Takt 1,11106
659,48,Takt 1,10683
659,48,Takt 1,10684
659,48,Takt 1,10685
659,48,Takt 1,10686
659,48,Takt 1,11399
659,48,Takt 1,10687
659,48,Takt 1,10689
659,48,Takt 1,10688
659,48,Takt 1,10690
659,48,Takt 1,10691
659,48,Takt 1,11276
659,48,Takt 1,10692
659,48,Takt 1,10693
659,48,Takt 1,10696
659,48,Takt 1,10697
659,48,Takt 1,10698
659,48,Takt 1,10699
659,48,Takt 1,11398
400,6,System Pack,3404
400,6,System Pack,3403
400,6,System Pack,3405
400,6,System Pack,3406
400,6,System Pack,3408
651,13,Takt 11 - QA,10576
651,13,Takt 11 - QA,10577
651,13,Takt 11 - QA,10578
651,13,Takt 11 - QA,10579
651,13,Takt 11 - QA,10580
651,13,Takt 11 - QA,10581
651,13,Takt 11 - QA,10582
651,13,Takt 11 - QA,10583
651,13,Takt 11 - QA,10584
651,13,Takt 11 - QA,10586
651,13,Takt 11 - QA,10587
651,13,Takt 11 - QA,10598
651,13,Takt 11 - QA,10588
651,13,Takt 11 - QA,10589
651,13,Takt 11 - QA,10590
651,13,Takt 11 - QA,10585
651,13,Takt 11 - QA,10591
651,13,Takt 11 - QA,10592
651,13,Takt 11 - QA,10593
651,13,Takt 11 - QA,10594
651,13,Takt 11 - QA,10595
651,13,Takt 11 - QA,10597
651,13,Takt 11 - QA,10599
651,13,Takt 11 - QA,10884
651,13,Takt 11 - QA,10887
651,13,Takt 11 - QA,10888
651,13,Takt 11 - QA,10889
651,13,Takt 11 - QA,10890
651,13,Takt 11 - QA,10891
651,13,Takt 11 - QA,10892
651,13,Takt 11 - QA,10893
651,13,Takt 11 - QA,10894
651,13,Takt 11 - QA,10895
651,13,Takt 11 - QA,10896
651,13,Takt 11 - QA,10897
651,13,Takt 11 - QA,10898
651,13,Takt 11 - QA,10899
651,13,Takt 11 - QA,10900
651,13,Takt 11 - QA,10901
651,13,Takt 11 - QA,10904
651,13,Takt 11 - QA,10902
651,13,Takt 11 - QA,10903
651,13,Takt 11 - QA,10905
651,13,Takt 11 - QA,10961
651,13,Takt 11 - QA,10906
651,13,Takt 11 - QA,10907
651,13,Takt 11 - QA,10600
651,13,Takt 11 - QA,10601
651,13,Takt 11 - QA,10602
651,13,Takt 11 - QA,10603
651,13,Takt 11 - QA,11269
651,13,Takt 11 - QA,11397
651,13,Takt 11 - QA,11394
651,13,Takt 11 - QA,10604
651,13,Takt 11 - QA,10605
651,13,Takt 11 - QA,10606
651,13,Takt 11 - QA,10607
651,13,Takt 11 - QA,10608
651,13,Takt 11 - QA,10759
25,4,Column Alignment,426
25,4,Column Alignment,11410
25,4,Column Alignment,427
25,4,Column Alignment,275
25,4,Column Alignment,11401
25,4,Column Alignment,11035
25,4,Column Alignment,11313
25,4,Column Alignment,11036
25,4,Column Alignment,276
25,4,Column Alignment,277
25,4,Column Alignment,278
25,4,Column Alignment,11067
25,4,Column Alignment,279
859,5,Takt 43: Endabnahme 2,
861,5,5020 Mech. Justage,
862,5,"AVO 5030, 5040, 5044 5045",
863,5,Takt 10: FIB Einbau Capella,
864,5,Takt 10.1: FIB Hochfahren Capella,
865,5,Takt 10.2: FIB Inbetriebnahme 1 Capella,
866,5,Takt 10.3: FIB Inbetriebnahme 2 Capella,
867,5,Takt 11: Orsay GIS Einbau (GIS 1) ,
868,5,Takt 12: Multi GIS Einbau ,
869,5,Takt 12.1: Multi GIS Abscheidung,
870,5,Takt 15.1: XB Laser 2,
871,5,Takt 15.2: XB Laser 3,
872,5,Takt 20: Anbau der Verkleidung Roengten pruefung AVO 5200,
873,5,"Takt 21: Verkl., Rippel, VDE, Start Tablefiller",
874,5,"Takt 22: Tablefiller, 3DSM, Flood Gun, Micromanipulator, Corr Mic, Atlas AV",
876,5,Takt 11.3: UniGIS Einstellen (GIS 2),
877,5,TOF-SIMS Einbau und Inbetriebnahme,
880,5,Takt TEM Prep,
879,5,Takt 11.1 UniGIS Einstellen,
875,5,Takt 11.2: Orsay GIS Einbau (GIS 2) ,
878,5,Takt 11: Uni GIS Einbau,
860,5,AVO 5010 / 5014 Inbetriebnahme,13707
